﻿<?xml version="1.0" encoding="utf-8" standalone="no" ?>
<modDesc descVersion="63">
    <title>
        <en>SimpleInspector Vehicle Information Overlay</en>
        <de>SimpleInspector Fahrzeuginformations-Overlay</de>
    </title>
    <description>
        <en><![CDATA[SimpleInspector shows a HUD overlay with all of the currently running vehicles
(optionally all vehicles), their speed, fill levels, fuel level, on field status, and if they are
occupied by a user or a helper

Default Input Bindings:
Left Ctrl + Left Alt + Num Pad 9 : Reload configuration file from disk
Left Ctrl + Left Alt + Num Pad 8 : Toggle Display Mode 1, 2, 3, 4

Changelog:
1.0.0.1:
 - Fix for missing fillLevel info on right justified displays.

1.0.0.2:
 - Add damage indicator (default if tractor or attached implement is 80% damaged)

1.0.0.3:
 - Add CoursePlay and AutoDrive AI detection
 - Hide conveyor belts, they don't have any useful information to share.
 - Initial ModHub version

 1.0.0.4:
 - Add keybindings
 - Add option to zero pad field numbers less than 10

1.0.0.5:
 - Make bold text optional
 - Bug fix for invalid fill levels maybe?
]]></en>
        <de><![CDATA[SimpleInspector zeigt ein HUD-Overlay mit allen aktuell fahrenden Fahrzeugen 
(optional allen Fahrzeugen), deren Geschwindigkeit, Füllständen, Kraftstoffstand, Feldstatus und ob
sie von einem Benutzer oder einem Helfer besetzt sind

Standard-Eingabebindungen:
Left Ctrl + Left Alt + Num Pad 9: Konfigurationsdatei von der Festplatte neu laden
Left Ctrl + Left Alt + Num Pad 8: Umschalten des Anzeigemodus 1, 2, 3, 4

Changelog:
1.0.0.1:
 - Fix für fehlende FillLevel-Informationen bei rechtsbündigen Anzeigen.

1.0.0.2:
 - Hinzufügen einer Schadensanzeige (Standard, wenn der Traktor oder das angehängte Gerät zu 80% beschädigt ist)

1.0.0.3:
 - Hinzufügen von CoursePlay und AutoDrive AI-Erkennung
 - Ausblenden von Förderbändern, da sie keine nützlichen Informationen liefern.
 - Erste ModHub-Version

1.0.0.4
 - Tastaturbelegungen hinzufügen
 - Option zum Auffüllen von Feldern mit weniger als 10 Punkten hinzufügen

1.0.0.5
 - Fettschrift optional machen
 - Fehlerbehebung für ungültige Füllstände vielleicht?
]]></de>
    </description>
    <author>JTSage</author>
    <version>1.0.0.5</version>
    <iconFilename>modIcon.dds</iconFilename>
    <multiplayer supported="true"/>
    <extraSourceFiles>
        <sourceFile filename="SimpleInspector.lua"/>
    </extraSourceFiles>
    <l10n>
        <text name="input_SimpleInspector_reload_config">
            <de>
                <![CDATA[Konfiguration neu laden]]>
            </de>
            <en>
                <![CDATA[Reload configuration]]>
            </en>
        </text>
        <text name="input_SimpleInspector_cycle_display">
            <de>
                <![CDATA[Darstellung umschalten]]>
            </de>
            <en>
                <![CDATA[Switch display mode]]>
            </en>
        </text>
    </l10n>
    <actions>
        <action name="SimpleInspector_reload_config" category="SYSTEM" axisType="HALF" ignoreComboMask="false" />
        <action name="SimpleInspector_cycle_display" category="SYSTEM" axisType="HALF" ignoreComboMask="false" />
    </actions>
    <inputBinding>
        <actionBinding action="SimpleInspector_reload_config">
            <binding device="KB_MOUSE_DEFAULT" input="KEY_lctrl KEY_lalt KEY_KP_9" axisComponent="+" neutralInput="0" index="1" />
        </actionBinding>
        <actionBinding action="SimpleInspector_cycle_display">
            <binding device="KB_MOUSE_DEFAULT" input="KEY_lctrl KEY_lalt KEY_KP_8" axisComponent="+" neutralInput="0" index="1" />
        </actionBinding>
    </inputBinding>
</modDesc>
