﻿<?xml version="1.0" encoding="utf-8" standalone="no" ?>
<modDesc descVersion="63">
    <title>
        <en>SimpleInspector Vehicle Information Overlay</en>
        <de>SimpleInspector Fahrzeuginformations-Overlay</de>
    </title>
    <description>
        <en><![CDATA[SimpleInspector shows a HUD overlay with all of the currently running vehicles
(optionally all vehicles), their speed, fill levels, and if they are occupied by a user
or a helper]]></en>
        <de><![CDATA[SimpleInspector zeigt ein HUD-Overlay mit allen aktuell laufenden Fahrzeugen
(optional alle Fahrzeuge), deren Geschwindigkeit, Füllstände und ob sie von einem Nutzer besetzt sind
oder ein Helfer]]></de>
    </description>
    <author>JTSage</author>
    <version>1.0.0.0</version>
    <iconFilename>modIcon.dds</iconFilename>
    <multiplayer supported="true"/>
    <extraSourceFiles>
        <sourceFile filename="SimpleInspector.lua"/>
    </extraSourceFiles>
</modDesc>
