﻿<?xml version="1.0" encoding="utf-8" standalone="no" ?>
<modDesc descVersion="63">
    <title>
        <en>SimpleInspector Vehicle Information Overlay</en>
        <de>SimpleInspector Fahrzeuginformations-Overlay</de>
    </title>
    <description>
        <en><![CDATA[SimpleInspector shows a HUD overlay with all of the currently running vehicles
(optionally all vehicles), their speed, fill levels, fuel level, on field status, and if they are
occupied by a user or a helper

Changelog:
1.0.0.1:
 - Fix for missing fillLevel info on right justified displays.

1.0.0.2:
 - Add damage indicator (default if tractor or attached implement is 80% damaged)

1.0.0.3:
 - Add CoursePlay and AutoDrive AI detection
 - Hide conveyor belts, they don't have any useful information to share.
 - Initial ModHub version
]]></en>
        <de><![CDATA[SimpleInspector zeigt ein HUD-Overlay mit allen aktuell fahrenden Fahrzeugen 
(optional allen Fahrzeugen), deren Geschwindigkeit, Füllständen, Kraftstoffstand, Feldstatus und ob
sie von einem Benutzer oder einem Helfer besetzt sind

Changelog:
1.0.0.1:
 - Fix für fehlende FillLevel-Informationen bei rechtsbündigen Anzeigen.

1.0.0.2:
 - Hinzufügen einer Schadensanzeige (Standard, wenn der Traktor oder das angehängte Gerät zu 80% beschädigt ist)

1.0.0.3:
 - Hinzufügen von CoursePlay und AutoDrive AI-Erkennung
 - Ausblenden von Förderbändern, da sie keine nützlichen Informationen liefern.
 - Erste ModHub-Version
]]></de>
    </description>
    <author>JTSage</author>
    <version>1.0.0.3</version>
    <iconFilename>modIcon.dds</iconFilename>
    <multiplayer supported="true"/>
    <extraSourceFiles>
        <sourceFile filename="SimpleInspector.lua"/>
    </extraSourceFiles>
</modDesc>
