﻿<?xml version="1.0" encoding="utf-8" standalone="no" ?>
<modDesc descVersion="63">
    <title>
        <en>SimpleInspector Vehicle Information Overlay</en>
        <de>SimpleInspector Fahrzeuginformations-Overlay</de>
    </title>
    <description>
        <en><![CDATA[SimpleInspector shows a HUD overlay with all of the currently running vehicles
(optionally all vehicles), their speed, fill levels, fuel level, on field status, and if they are
occupied by a user or a helper

CHANGELOG:

v1.0.0.1
 - Fix for missing fillLevel info on right justified displays.
]]></en>
        <de><![CDATA[SimpleInspector zeigt ein HUD-Overlay mit allen aktuell fahrenden Fahrzeugen 
(optional allen Fahrzeugen), deren Geschwindigkeit, Füllständen, Kraftstoffstand, Feldstatus und ob
sie von einem Benutzer oder einem Helfer besetzt sind]]></de>
    </description>
    <author>JTSage</author>
    <version>1.0.0.1</version>
    <iconFilename>modIcon.dds</iconFilename>
    <multiplayer supported="true"/>
    <extraSourceFiles>
        <sourceFile filename="SimpleInspector.lua"/>
    </extraSourceFiles>
</modDesc>
